video_trending_country,video_category_id,trending_appearances,total_views,avg_views,total_likes,rank
Algeria,Gaming,42617,8045665121,322084,253263112,1
Algeria,Music,34499,6492285448,916342,208200684,2
Algeria,People & Blogs,17953,1784343781,399450,57783055,3
Algeria,Entertainment,16015,3837966374,1841635,125338903,4
Algeria,Sports,5070,1287995797,1674897,34249852,5
Algeria,Education,2585,125553785,473788,5807558,6
Algeria,News & Politics,2426,219179327,898276,3689840,7
Algeria,Howto & Style,1956,163591470,503358,7861333,8
Algeria,Film & Animation,1663,493338294,1417639,22166569,9
Algeria,Comedy,1410,171709205,1419084,7723006,10
Argentina,Gaming,43510,9382723365,288575,308382871,1
Argentina,Music,40616,10593172822,868364,364233866,2
Argentina,Entertainment,15178,5055037038,1432834,181109603,3
Argentina,People & Blogs,14675,2218407082,462457,53176391,4
Argentina,Sports,5277,1281848601,1818225,29568505,5
Argentina,Film & Animation,2801,1057204248,1046737,40101514,6
Argentina,Comedy,1558,124912845,538417,7259354,7
Argentina,News & Politics,1286,119183557,744897,1437532,8
Argentina,Howto & Style,869,114249453,2077263,4239912,9
Argentina,Travel & Events,380,21083945,658873,1147978,10
Armenia,Music,4009,1108110526,3259149,24911381,1
Armenia,Gaming,3068,533945496,675880,19253270,2
Armenia,People & Blogs,572,45554565,500600,372042,3
Armenia,Entertainment,362,49457325,1545541,909400,4
Armenia,Film & Animation,62,54802359,10960472,2122705,5
Armenia,Comedy,61,5844992,417499,413537,6
Armenia,News & Politics,25,765906,191477,2573,7
Armenia,Science & Technology,19,1053886,1053886,40532,8
Armenia,Howto & Style,11,64196028,64196028,2127915,9
Armenia,Education,11,512225,512225,6386,10
Australia,Gaming,56694,14918983525,492083,503077216,1
Australia,Entertainment,18540,10127147037,1969113,267977973,2
Australia,Music,16902,13221997872,3459445,452693969,3
Australia,Sports,10559,2636738951,1421423,55457636,4
Australia,People & Blogs,7391,2513872900,1421874,65877665,5
Australia,Film & Animation,5033,3382289646,2880996,86311103,6
Australia,Autos & Vehicles,2650,418810470,1261477,19084107,7
Australia,News & Politics,2449,586247706,1484171,7633747,8
Australia,Comedy,2223,412176966,801901,21838618,9
Australia,Science & Technology,1929,734236529,2062462,18295686,10
Austria,Gaming,53287,7312126791,443966,256104644,1
Austria,Entertainment,22159,5254645472,1712169,165800106,2
Austria,Music,20607,7909132493,4236279,269759475,3
Austria,Sports,7283,1448261974,1805813,33306797,4
Austria,People & Blogs,6741,1420032388,1501091,35339015,5
Austria,Autos & Vehicles,3143,283948355,1021397,13646712,6
Austria,Science & Technology,2941,458182406,1422927,13259131,7
Austria,Film & Animation,2814,1552130140,5208490,49853301,8
Austria,News & Politics,2657,263711249,973104,3961556,9
Austria,Education,2075,356981294,2075473,13122780,10
Azerbaijan,Gaming,37627,4619851418,350413,147370802,1
Azerbaijan,Music,27631,4522624037,2100615,95094745,2
Azerbaijan,Entertainment,14837,17379490247,14410854,458014483,3
Azerbaijan,People & Blogs,9110,13357074836,11768348,263157798,4
Azerbaijan,Comedy,1937,2956740430,12799742,60980465,5
Azerbaijan,Sports,1909,2004370950,7829574,48705088,6
Azerbaijan,News & Politics,1834,190028088,1218129,4572038,7
Azerbaijan,Film & Animation,1421,600005153,4195840,16763895,8
Azerbaijan,Howto & Style,776,4318775144,66442695,69095899,9
Azerbaijan,Science & Technology,332,466888432,15562948,9124098,10
Bahrain,Gaming,11524,2893631550,2161039,99713016,1
Bahrain,Entertainment,10418,4535324338,8875390,119759783,2
Bahrain,Music,5984,5538576668,20979457,134944168,3
Bahrain,People & Blogs,4996,803192501,1944776,27038610,4
Bahrain,Sports,3195,1187949956,3832097,31646327,5
Bahrain,Film & Animation,2900,959904257,8420213,25196873,6
Bahrain,Comedy,476,82106288,3909823,3691893,7
Bahrain,Howto & Style,391,99337974,5518776,3610218,8
Bahrain,Education,391,74953953,3944945,3196697,9
Bahrain,News & Politics,298,74415004,2480500,1070161,10
Bangladesh,Gaming,42189,5308763140,522208,149408007,1
Bangladesh,Music,16748,6893704585,3605494,143015078,2
Bangladesh,Entertainment,12500,17464423399,11816254,391745728,3
Bangladesh,People & Blogs,8513,14553355015,13146662,279177060,4
Bangladesh,Film & Animation,1768,1212802913,5227599,22377670,5
Bangladesh,News & Politics,1183,296050030,3326405,5722531,6
Bangladesh,Comedy,920,2355180720,34635011,40608171,7
Bangladesh,Sports,873,1292117551,9035787,25051539,8
Bangladesh,Howto & Style,866,4562275589,63364939,71013329,9
Bangladesh,Education,219,266512433,14026970,6180892,10
Belarus,Gaming,54802,5402455147,386968,196575858,1
Belarus,Entertainment,9687,11066156070,10539196,353260686,2
Belarus,Music,8477,2285491186,2864024,83922211,3
Belarus,People & Blogs,8183,6565878990,6734235,150380598,4
Belarus,Comedy,3502,1514674891,4049933,39712078,5
Belarus,Film & Animation,2086,585790910,1979023,19530349,6
Belarus,Sports,1354,1707562522,17787110,45093112,7
Belarus,News & Politics,1233,265197672,2678764,6184756,8
Belarus,Science & Technology,663,766358636,10083666,27633552,9
Belarus,Autos & Vehicles,450,142159970,5467691,3250318,10
Belgium,Gaming,45319,8745809474,732910,279087666,1
Belgium,Entertainment,17431,22289380514,10300083,691773924,2
Belgium,Music,16489,8843501475,6385200,230103554,3
Belgium,People & Blogs,7946,15068282219,22094255,344359632,4
Belgium,Sports,3932,5193689195,14307684,164762571,5
Belgium,Comedy,3733,4630911063,19215399,131166589,6
Belgium,Film & Animation,2067,1143660885,4315701,38159785,7
Belgium,Howto & Style,979,3546073704,38967843,61000647,8
Belgium,Science & Technology,908,1342800947,13843309,57286115,9
Belgium,Autos & Vehicles,528,133744037,2192525,4948798,10
Bolivia,Gaming,42575,9152672088,412115,273924784,1
Bolivia,Music,41100,12118539737,2441285,329441642,2
Bolivia,Entertainment,15294,5187520598,2167790,174444573,3
Bolivia,People & Blogs,13791,2341866383,980271,44583039,4
Bolivia,Sports,3895,1217326250,2434653,28232804,5
Bolivia,Film & Animation,3147,1008826958,2017654,34674592,6
Bolivia,Comedy,1441,103669459,951096,5861614,7
Bolivia,Howto & Style,875,150890540,4078123,4731610,8
Bolivia,News & Politics,647,81920808,1050267,884229,9
Bolivia,Education,356,33198859,404864,866836,10
Bosnia and Herzegovina,Gaming,18387,3893000541,943758,116121462,1
Bosnia and Herzegovina,Entertainment,17735,21713935772,16120220,564422060,2
Bosnia and Herzegovina,Music,13011,3160190891,4270528,75928417,3
Bosnia and Herzegovina,People & Blogs,11003,18347802307,22595816,351765855,4
Bosnia and Herzegovina,Comedy,4035,5403203367,22144276,117186694,5
Bosnia and Herzegovina,Sports,2517,4067698869,21408941,114070822,6
Bosnia and Herzegovina,Howto & Style,1839,5515986697,41473584,83727700,7
Bosnia and Herzegovina,News & Politics,1324,94509478,684851,1590841,8
Bosnia and Herzegovina,Film & Animation,767,655153829,13939443,19433325,9
Bosnia and Herzegovina,Pets & Animals,324,883003593,46473873,14757513,10
Brazil,Gaming,49037,7220618191,196239,270485840,1
Brazil,Music,29264,7091953290,526383,296080156,2
Brazil,Entertainment,17236,3155678646,556950,123209324,3
Brazil,People & Blogs,11624,1721564350,285500,46793072,4
Brazil,Sports,11607,2222903560,1038740,71628252,5
Brazil,Film & Animation,2198,794087388,895251,32812322,6
Brazil,Science & Technology,1487,695187285,2279303,14166379,7
Brazil,Comedy,1429,88466901,488767,4788178,8
Brazil,News & Politics,1415,95198574,408578,2541927,9
Brazil,Autos & Vehicles,577,44880910,650448,3743223,10
Bulgaria,Music,32779,7895946925,4644675,171856637,1
Bulgaria,Gaming,28097,6718907381,1325228,197824297,2
Bulgaria,Entertainment,15789,23978568627,22140876,639729598,3
Bulgaria,People & Blogs,13007,21315669007,24557222,418726936,4
Bulgaria,Comedy,4565,5726763199,22907053,126123096,5
Bulgaria,Howto & Style,2170,6153623609,39446305,95391045,6
Bulgaria,Sports,1966,3972212289,28577067,111736547,7
Bulgaria,Film & Animation,1600,1103533288,11376632,32796303,8
Bulgaria,Science & Technology,722,792496562,7620159,24876714,9
Bulgaria,News & Politics,557,117392713,1924471,2521005,10
Cambodia,Gaming,33766,6486756547,705312,135436902,1
Cambodia,Music,25200,5359992319,2588118,141588034,2
Cambodia,People & Blogs,18667,21499735440,9768167,389940983,3
Cambodia,Entertainment,14176,22559440044,17168524,536793021,4
Cambodia,Comedy,3101,4872362565,27527472,88829289,5
Cambodia,Film & Animation,2371,1160412198,2679936,29513692,6
Cambodia,Howto & Style,2283,5338114342,29821868,79612986,7
Cambodia,Sports,781,2080254369,30148614,48579918,8
Cambodia,Pets & Animals,698,1368113853,35079842,23554341,9
Cambodia,Travel & Events,247,480147418,30009214,11146015,10
Canada,Gaming,57313,14364417737,340817,522229359,1
Canada,Music,18219,11839907064,1704074,471621719,2
Canada,Entertainment,18082,9248778732,1351568,261765743,3
Canada,Sports,9869,2781340618,1479436,57674108,4
Canada,People & Blogs,7255,2403080137,1114601,65804062,5
Canada,Film & Animation,4450,3018469374,1794572,83563069,6
Canada,News & Politics,3084,654526535,1251485,8267478,7
Canada,Autos & Vehicles,2178,436020514,1282413,18882093,8
Canada,Comedy,2133,407116869,771055,21731347,9
Canada,Science & Technology,1903,779786893,1817685,18821164,10
Chile,Gaming,43015,9548550063,306860,316557000,1
Chile,Music,40261,11754204077,1347959,378171774,2
Chile,Entertainment,15660,5121374690,1446307,181592783,3
Chile,People & Blogs,15214,2366682020,595691,50574915,4
Chile,Sports,4856,1281483827,1974551,29381221,5
Chile,Film & Animation,2897,1057002859,1370951,39669001,6
Chile,Comedy,1616,126030553,611799,7615617,7
Chile,News & Politics,1293,123674179,758737,1570864,8
Chile,Howto & Style,893,124133357,2482667,4408858,9
Chile,Education,299,27119195,322848,820954,10
Colombia,Music,43761,11480303853,934726,368146927,1
Colombia,Gaming,38730,8846346412,319363,300163168,2
Colombia,People & Blogs,16795,2352887254,435559,53776337,3
Colombia,Entertainment,14961,5032584307,1643561,177387116,4
Colombia,Sports,4788,1315530919,2132141,29839694,5
Colombia,Film & Animation,2743,1001477387,1237920,38094996,6
Colombia,News & Politics,1459,131562961,715016,1662006,7
Colombia,Comedy,1389,123469772,734939,7157905,8
Colombia,Howto & Style,915,117819120,2223002,4297134,9
Colombia,Travel & Events,338,20175554,650824,1103909,10
Costa Rica,Music,40461,12373649282,4863856,319444193,1
Costa Rica,Gaming,37228,7583825056,792210,237992722,2
Costa Rica,Entertainment,15241,5230798299,3863219,172744142,3
Costa Rica,People & Blogs,12893,1922648567,1722803,36569810,4
Costa Rica,Sports,3408,1107296205,3084391,26338785,5
Costa Rica,Film & Animation,2460,856756761,5457049,29479711,6
Costa Rica,Howto & Style,945,159035041,4298244,4767656,7
Costa Rica,Comedy,736,74753081,1495062,4574793,8
Costa Rica,News & Politics,710,85865356,1160343,968267,9
Costa Rica,Autos & Vehicles,310,48048210,3203214,2756658,10
Croatia,Gaming,24620,5539598492,1157217,170603200,1
Croatia,Entertainment,17145,21369169609,16412573,599072063,2
Croatia,Music,14623,5254143877,6841333,144478030,3
Croatia,People & Blogs,9657,16358995872,25323523,341788160,4
Croatia,Comedy,3875,5220489799,22309785,131784768,5
Croatia,Sports,3779,4501167714,15849182,134683599,6
Croatia,Howto & Style,1690,5135456661,45446519,80558901,7
Croatia,Film & Animation,1548,1010822235,12479287,31367843,8
Croatia,Science & Technology,552,1185702660,32936185,44772609,9
Croatia,News & Politics,532,116329171,2005675,2239088,10
Cyprus,Entertainment,23547,27957923105,22294995,748301329,1
Cyprus,Gaming,9998,3742117826,2669128,110320154,2
Cyprus,People & Blogs,9302,18227587903,40960872,380582407,3
Cyprus,Music,6978,5178966609,18970574,120223389,4
Cyprus,Sports,4719,5993612256,18107590,170663904,5
Cyprus,Comedy,3365,5036934730,31678835,116606631,6
Cyprus,Film & Animation,1957,853888860,8055555,20800756,7
Cyprus,Howto & Style,1489,5758304710,55368315,90103400,8
Cyprus,News & Politics,1345,192224781,1490115,3489505,9
Cyprus,Science & Technology,606,1233941624,47459293,41993305,10
Czechia,Gaming,43596,6876062001,587095,228770553,1
Czechia,Music,17704,5688298632,3502647,164826772,2
Czechia,Entertainment,16195,17610507607,8718073,523123895,3
Czechia,People & Blogs,9791,13083125365,11436298,300374277,4
Czechia,Comedy,2944,3844876919,16223109,103833498,5
Czechia,Sports,2887,3917301776,17566376,115179546,6
Czechia,Film & Animation,1367,1024812097,6100072,34319538,7
Czechia,Howto & Style,1132,2923768843,38983585,50797453,8
Czechia,Science & Technology,626,962040811,11452867,34719609,9
Czechia,News & Politics,568,96499551,1176824,1952264,10
Denmark,Gaming,54731,8843592230,778828,291019760,1
Denmark,Entertainment,12611,15389657543,11119695,510901556,2
Denmark,People & Blogs,6481,8842088986,16404618,233403081,3
Denmark,Music,6173,5625677310,15583594,160294251,4
Denmark,Sports,3883,4853087899,15705786,157297576,5
Denmark,Comedy,2919,3187273840,12118912,108182767,6
Denmark,Film & Animation,2467,1370408845,7407615,47102383,7
Denmark,Science & Technology,1230,1611246650,15796536,70060367,8
Denmark,Education,864,325117522,3495887,12093319,9
Denmark,Howto & Style,620,1402089023,46736301,26425302,10
Dominican Republic,Gaming,40013,9090739803,432748,261439859,1
Dominican Republic,Music,38655,9391482754,1867837,292940157,2
Dominican Republic,Entertainment,13539,5131844911,2258735,170949856,3
Dominican Republic,People & Blogs,11982,2025125055,837521,40755562,4
Dominican Republic,Sports,2620,1073562383,3243391,25821727,5
Dominican Republic,Film & Animation,2147,875451731,2677222,32401556,6
Dominican Republic,News & Politics,820,89795231,916278,1086381,7
Dominican Republic,Howto & Style,714,139328549,4494469,4350578,8
Dominican Republic,Comedy,676,76628525,901512,4329910,9
Dominican Republic,Pets & Animals,324,38208114,2939086,640901,10
Ecuador,Gaming,42810,9747980292,333435,298016876,1
Ecuador,Music,39500,11694766477,1700562,347297424,2
Ecuador,People & Blogs,16515,2472858187,581712,51880412,3
Ecuador,Entertainment,15524,5138212566,1822061,175760335,4
Ecuador,Sports,4576,1296553923,2201280,28941089,5
Ecuador,Film & Animation,2600,930657033,1650101,33630652,6
Ecuador,Comedy,1549,121590875,821560,6631701,7
Ecuador,News & Politics,1179,119201833,845403,1425098,8
Ecuador,Howto & Style,894,131537105,2989480,4477322,9
Ecuador,Travel & Events,342,19946498,797860,1051505,10
Egypt,Gaming,52829,8970386365,293687,277605998,1
Egypt,Music,20301,5158384440,1332572,182823697,2
Egypt,Entertainment,18176,4184511181,1665146,134600000,3
Egypt,People & Blogs,11473,1408262487,404325,49117910,4
Egypt,Sports,5408,1291788970,1866747,34866009,5
Egypt,Education,2237,150338551,787113,7324319,6
Egypt,Film & Animation,1708,675536410,1478198,27551393,7
Egypt,Comedy,1621,133884840,1521419,6195490,8
Egypt,News & Politics,1385,135156014,1107836,1827682,9
Egypt,Howto & Style,948,182729094,719406,8680321,10
El Salvador,Gaming,34010,7770827816,1114736,230142672,1
El Salvador,Music,25939,8318671194,4285766,176764732,2
El Salvador,People & Blogs,12718,15171552619,13618988,316434091,3
El Salvador,Entertainment,11778,19087292807,20007644,601415052,4
El Salvador,Sports,2888,2822593431,9633425,74059952,5
El Salvador,Film & Animation,2677,1470839806,8914181,55313595,6
El Salvador,Comedy,1809,2864993389,23104785,57462521,7
El Salvador,Science & Technology,758,948402977,27097228,40123668,8
El Salvador,Howto & Style,676,3998182825,72694233,63082910,9
El Salvador,Education,441,223351534,5877672,4764134,10
Estonia,Entertainment,17052,22510574271,26514222,702714268,1
Estonia,Gaming,13697,5515893972,3526786,185621864,2
Estonia,People & Blogs,10409,11557318275,23780490,276177297,3
Estonia,Music,4410,3262797029,16152461,104328075,4
Estonia,Comedy,4259,4048337094,20654781,122527847,5
Estonia,Sports,3423,4563312002,24402738,137712151,6
Estonia,News & Politics,2238,418197818,2519264,8768230,7
Estonia,Film & Animation,1683,979326307,13601754,37842130,8
Estonia,Science & Technology,1469,1612812974,20677089,65146578,9
Estonia,Autos & Vehicles,1314,234551041,3723032,7056992,10
Finland,Gaming,50341,8412394237,868331,291648717,1
Finland,Entertainment,15513,15968449081,11027934,523178750,2
Finland,Music,11317,6038743910,8329302,183567861,3
Finland,People & Blogs,8822,10085628667,12436040,246186348,4
Finland,Sports,4079,4677784216,14261537,148791823,5
Finland,Comedy,3064,3428111461,13034644,116528081,6
Finland,Film & Animation,2438,1258251004,7672262,42350212,7
Finland,Science & Technology,1286,1403024576,11224197,63711975,8
Finland,Howto & Style,1014,1978607855,33535726,34892367,9
Finland,Travel & Events,749,390127411,5737168,22266770,10
France,Gaming,47222,4804601044,145740,187404858,1
France,Music,31719,9138008622,839350,375187967,2
France,Entertainment,18354,4245328078,982260,151698696,3
France,Sports,8170,1300840730,1103342,29933431,4
France,People & Blogs,5468,1211976288,622164,29582670,5
France,Comedy,3539,292023140,839147,17955526,6
France,Film & Animation,3261,1134932422,815911,37472821,7
France,News & Politics,2503,117300244,408712,2309929,8
France,Science & Technology,2055,196622645,566636,5953253,9
France,Autos & Vehicles,1666,121261056,615538,7637103,10
Georgia,Gaming,27141,5781286562,1015151,174823398,1
Georgia,Music,17637,6138683044,5600988,139048141,2
Georgia,Entertainment,14762,25105314977,19252542,653863564,3
Georgia,People & Blogs,13496,22373754545,23428015,427597592,4
Georgia,Comedy,4173,5890944259,21899421,120032625,5
Georgia,Sports,3029,4233632255,17422355,115997253,6
Georgia,Howto & Style,2194,6353141116,42926629,95872362,7
Georgia,Film & Animation,1341,1235096957,16467959,34848482,8
Georgia,News & Politics,471,131822123,3562760,2817032,9
Georgia,Pets & Animals,460,1157418878,42867366,19537657,10
Germany,Gaming,53753,8344731949,211040,326022209,1
Germany,Music,23689,8998608444,935115,370512547,2
Germany,Entertainment,18637,5830494991,1136770,193240340,3
Germany,Sports,9835,1769216643,1266440,38725298,4
Germany,People & Blogs,6631,1641838556,734603,40754275,5
Germany,News & Politics,2776,295385810,866234,4314999,6
Germany,Autos & Vehicles,2691,276969824,708363,13609116,7
Germany,Science & Technology,2385,440571831,1034206,12694929,8
Germany,Film & Animation,2158,1751122544,1996719,59777684,9
Germany,Education,1735,360719053,1812659,12713799,10
Ghana,Music,22821,4805211974,3259981,147009516,1
Ghana,Gaming,13027,2674427170,1187579,74871400,2
Ghana,Entertainment,11248,10348406843,12775811,298813850,3
Ghana,People & Blogs,5788,8509749371,21932344,192206369,4
Ghana,Sports,5082,2767781334,4365586,70105054,5
Ghana,Film & Animation,4366,1476919610,4558394,56457908,6
Ghana,Comedy,2172,2133293653,16930902,57565169,7
Ghana,Howto & Style,1132,2787940395,52602649,49209749,8
Ghana,News & Politics,1078,143384302,1340040,4699483,9
Ghana,Science & Technology,296,518231552,27275345,13278705,10
Greece,Gaming,36598,6407124320,778414,188784207,1
Greece,Music,25205,7946791240,5684400,200392615,2
Greece,Entertainment,16098,19261296454,11547540,539290172,3
Greece,People & Blogs,8819,14599669509,20708751,316399431,4
Greece,Sports,4442,4825763300,10400352,145414931,5
Greece,Comedy,2937,4438710144,23993028,113468701,6
Greece,Film & Animation,2497,1218700399,6414213,35917866,7
Greece,Howto & Style,1540,4600532627,41076184,74435559,8
Greece,News & Politics,1046,223221751,1907878,5792442,9
Greece,Education,567,596269706,14906743,11255866,10
Guatemala,Music,45959,12339917928,2002908,332923402,1
Guatemala,Gaming,36622,8798581090,499182,260440285,2
Guatemala,People & Blogs,15599,2336025777,939672,45409087,3
Guatemala,Entertainment,14788,5013784819,2446942,168412907,4
Guatemala,Sports,4038,1240986743,2248164,28135633,5
Guatemala,Film & Animation,2339,900234323,3000781,30061228,6
Guatemala,Howto & Style,943,151052128,3596479,4787750,7
Guatemala,Comedy,920,89739370,1055757,5328451,8
Guatemala,News & Politics,867,105052971,1117585,1199591,9
Guatemala,Education,313,30332754,439605,774545,10
Honduras,Gaming,41450,8318244184,597876,244882372,1
Honduras,Music,35619,11759936737,3733313,297147204,2
Honduras,People & Blogs,14532,2198927883,1256530,41853531,3
Honduras,Entertainment,13527,4985250560,3599459,164041809,4
Honduras,Sports,4055,1107732385,2461628,25498220,5
Honduras,Film & Animation,1644,664289492,4458319,23757828,6
Honduras,News & Politics,690,85493407,1096069,907704,7
Honduras,Howto & Style,677,147044533,5251590,4399029,8
Honduras,Comedy,587,64503870,1194516,3973427,9
Honduras,Education,341,30111210,501854,753119,10
Hong Kong,Gaming,42765,5121650645,389894,130286730,1
Hong Kong,Music,19017,8073508446,4178835,244685123,2
Hong Kong,People & Blogs,16279,7096268800,4038855,162069689,3
Hong Kong,Entertainment,12067,8445683826,5757112,248684741,4
Hong Kong,Film & Animation,3702,868417289,1620182,24859002,5
Hong Kong,Sports,2051,2151792671,8212949,60551911,6
Hong Kong,News & Politics,2050,174122671,849379,3851268,7
Hong Kong,Howto & Style,1030,1227613524,11691557,21331629,8
Hong Kong,Education,901,733769969,11647142,12209556,9
Hong Kong,Pets & Animals,897,328889948,6090555,8448807,10
Hungary,Music,34204,6896070684,2564548,188493170,1
Hungary,Gaming,32394,5568985122,723621,175169553,2
Hungary,Entertainment,14392,20082477274,13057527,576318832,3
Hungary,People & Blogs,11863,14972924588,14550947,324793214,4
Hungary,Comedy,4602,4776856553,14698020,124481085,5
Hungary,Sports,3061,4628482890,21134625,137209865,6
Hungary,Film & Animation,2242,1255380025,5041687,35302483,7
Hungary,News & Politics,1781,143329096,758355,3127869,8
Hungary,Howto & Style,1607,3910665845,36893074,65268879,9
Hungary,Science & Technology,840,927775443,9976080,33498551,10
Iceland,Entertainment,14750,14480922347,20926188,513034630,1
Iceland,Gaming,8162,3861018250,6128600,138112813,2
Iceland,People & Blogs,6714,5700412830,18689878,179075388,3
Iceland,Sports,6025,4809788960,9249594,151239299,4
Iceland,Comedy,4381,2790657622,14923303,108099220,5
Iceland,Film & Animation,1970,1025787147,11927758,43381474,6
Iceland,Science & Technology,1809,1826675986,17908588,73381687,7
Iceland,Music,1674,1786749955,26667910,67110402,8
Iceland,News & Politics,1396,511186977,3814828,8692693,9
Iceland,Education,1181,370496782,8233262,13638500,10
India,Music,33240,13616255082,929374,374933178,1
India,Gaming,28993,9342147619,487078,286150093,2
India,Entertainment,22726,14690401889,1550929,329388222,3
India,People & Blogs,11197,4137375518,782704,157806676,4
India,Film & Animation,3709,2814611424,2190359,56836527,5
India,Comedy,2506,1052813067,1341163,39829005,6
India,Sports,1968,1435839809,1770456,30965335,7
India,Howto & Style,1069,272523018,801538,7725094,8
India,News & Politics,1024,410616287,910457,5304953,9
India,Science & Technology,1003,597804963,1795210,28012488,10
Indonesia,Gaming,61081,10384541041,228679,187711049,1
Indonesia,Music,16838,5705159680,1167416,233206898,2
Indonesia,Entertainment,15097,3914353301,1523095,125237533,3
Indonesia,People & Blogs,14228,2525728847,797767,68613612,4
Indonesia,Sports,7261,1526437645,1709337,25846789,5
Indonesia,Film & Animation,4898,1778224877,1122617,63515054,6
Indonesia,Comedy,2515,411766628,1970175,9807724,7
Indonesia,News & Politics,1267,85172540,318998,1085877,8
Indonesia,Autos & Vehicles,954,40599141,405991,707505,9
Indonesia,Pets & Animals,704,48839728,872138,1136562,10
Iraq,Gaming,58135,9439569619,280622,271346078,1
Iraq,Entertainment,18558,4180939592,1511001,141990852,2
Iraq,People & Blogs,17079,1708115616,290397,56348716,3
Iraq,Music,14419,5270462869,1518428,184961664,4
Iraq,Sports,4338,1188819871,2411399,31998862,5
Iraq,Film & Animation,2164,495960802,1073508,23695669,6
Iraq,Comedy,1886,152015953,1567175,7297319,7
Iraq,Education,1425,105718780,997347,5254288,8
Iraq,News & Politics,1295,131407061,1239689,2082585,9
Iraq,Howto & Style,854,174334311,689068,8547451,10
Ireland,Gaming,45241,8778549246,1198437,283726031,1
Ireland,Entertainment,16451,15451154736,10205518,490494269,2
Ireland,Music,10299,6666809198,12187951,193992989,3
Ireland,Sports,6462,4600496887,7045171,151506295,4
Ireland,People & Blogs,5907,6872974211,17945102,197720269,5
Ireland,Film & Animation,4692,2077687884,5987573,60604601,6
Ireland,Comedy,3116,3004917414,10580695,110018439,7
Ireland,News & Politics,990,399851241,4704132,11385036,8
Ireland,Science & Technology,833,1265618695,20089186,55495663,9
Ireland,Howto & Style,508,1301163720,48191249,24424641,10
Israel,Music,33367,8321650374,3854400,187358857,1
Israel,Gaming,30930,6413482863,844769,213748944,2
Israel,Entertainment,13650,22417892544,16151219,632318651,3
Israel,People & Blogs,13166,19402478681,13502073,400909060,4
Israel,Comedy,3534,4808827434,16873079,115052206,5
Israel,Sports,2492,4356762826,23550069,129845375,6
Israel,Howto & Style,1824,5800269146,42649038,91274253,7
Israel,Film & Animation,1706,1015062140,6465364,29900339,8
Israel,Science & Technology,538,1154659873,21382590,43404420,9
Israel,News & Politics,473,83726801,1550496,3425592,10
Italy,Gaming,35627,5468679149,270178,211416808,1
Italy,Music,27292,7794873031,1105813,257047342,2
Italy,Entertainment,14593,15540864137,4338600,493645050,3
Italy,People & Blogs,8855,11659065660,5031966,260319180,4
Italy,Sports,4999,4655533991,4400316,137784806,5
Italy,Film & Animation,2162,1201660458,1788185,38986221,6
Italy,Comedy,1734,3265037143,11959843,91555112,7
Italy,Howto & Style,1297,2740426473,12400120,48285030,8
Italy,News & Politics,1137,252288767,1212927,6619249,9
Italy,Science & Technology,719,923535893,4912425,34506307,10
Jamaica,Music,26259,3896771411,2304418,124853919,1
Jamaica,Gaming,22582,5403943098,1309412,155222536,2
Jamaica,Entertainment,9646,18692946630,30444538,545716189,3
Jamaica,People & Blogs,6280,11060112957,29415194,255617214,4
Jamaica,Film & Animation,3046,1519660071,11092409,65838468,5
Jamaica,Comedy,2500,3876892948,34615116,99086553,6
Jamaica,Sports,2204,3146209758,17876192,94577122,7
Jamaica,Howto & Style,825,3322791486,62694179,58125670,8
Jamaica,Travel & Events,430,610705340,30535267,31280010,9
Jamaica,Science & Technology,392,795658638,53043909,26910083,10
Japan,Gaming,61686,5999913420,122312,147531588,1
Japan,Entertainment,26002,3628210061,488779,98127168,2
Japan,Music,16827,5634723471,1065367,245755117,3
Japan,People & Blogs,7850,1180669921,737919,21784011,4
Japan,Sports,5334,732014916,905959,10776144,5
Japan,Film & Animation,2612,528624731,1010755,20187973,6
Japan,Comedy,2041,199013095,799249,4308265,7
Japan,Howto & Style,1551,111428504,763209,2670402,8
Japan,News & Politics,1340,138054319,802641,1407439,9
Japan,Pets & Animals,829,57410940,820156,869517,10
Jordan,Gaming,53736,6017185195,426327,212714029,1
Jordan,Music,16633,5786629252,5667609,158919707,2
Jordan,Entertainment,16174,3559103077,3122020,113482072,3
Jordan,People & Blogs,13939,1541963872,629630,45313417,4
Jordan,Sports,4614,1149147711,2404075,32615957,5
Jordan,Film & Animation,1979,467931894,2488999,20190718,6
Jordan,Comedy,1575,128601986,1224781,5928652,7
Jordan,News & Politics,978,110469569,1363822,1633872,8
Jordan,Howto & Style,866,209139505,1061622,8694557,9
Jordan,Education,765,89572110,1690040,4044211,10
Kazakhstan,Gaming,43853,6182165094,555351,195010933,1
Kazakhstan,People & Blogs,15961,16461951846,9130312,315641074,2
Kazakhstan,Music,15780,4477193125,2789528,111712404,3
Kazakhstan,Entertainment,10720,20176210712,18873911,552741844,4
Kazakhstan,Comedy,3644,4413197040,13056796,87010367,5
Kazakhstan,Film & Animation,2381,1264550748,3623355,35655723,6
Kazakhstan,Sports,1466,2347741118,20961974,60838078,7
Kazakhstan,Howto & Style,1249,4812571517,48611834,74476529,8
Kazakhstan,News & Politics,613,162170683,3179817,3875131,9
Kazakhstan,Pets & Animals,307,852519608,40596172,15803307,10
Kenya,Music,33227,5083826255,1926421,143180520,1
Kenya,Gaming,29307,5689722350,704697,145183324,2
Kenya,Entertainment,11308,19882812544,15270977,531547013,3
Kenya,People & Blogs,10247,16046499700,16143360,328758243,4
Kenya,Sports,5079,4073002203,5387569,108410473,5
Kenya,Comedy,3260,4715526079,26052630,107342280,6
Kenya,News & Politics,2499,222054999,857355,4606522,7
Kenya,Film & Animation,2192,1587146724,6782678,47535787,8
Kenya,Howto & Style,1369,5366952751,55905758,85352992,9
Kenya,Education,484,311094085,8888402,5700728,10
Kuwait,Gaming,27528,5178296386,1055933,172470754,1
Kuwait,Entertainment,18833,5687358221,4924120,144406282,2
Kuwait,Music,18232,10202673514,10935341,231857762,3
Kuwait,People & Blogs,9429,1489800148,1607120,38648394,4
Kuwait,Sports,5657,1383416447,2253121,35642351,5
Kuwait,Film & Animation,4833,1621993368,6815098,38331316,6
Kuwait,Comedy,1453,133913711,1809645,6688333,7
Kuwait,News & Politics,858,114426289,1362218,1574213,8
Kuwait,Education,577,84050933,2472086,3762075,9
Kuwait,Howto & Style,437,183902736,9195137,6085148,10
Laos,Gaming,42694,4637674796,529657,90223387,1
Laos,Music,19336,4793760849,4414144,102940788,2
Laos,People & Blogs,13941,19233865276,17743418,343263448,3
Laos,Entertainment,10717,19313712954,26639604,470198154,4
Laos,Howto & Style,1959,5174006184,38611986,75322731,5
Laos,Comedy,1903,3427761152,32337369,55621657,6
Laos,Film & Animation,1541,672088148,3672613,16275948,7
Laos,Sports,623,1350765239,27566638,25780416,8
Laos,Pets & Animals,508,1074649936,35821665,17903481,9
Laos,News & Politics,390,68217975,2131812,1406984,10
Latvia,Gaming,19968,5699427227,2007547,189533572,1
Latvia,Entertainment,11591,18231520633,23048699,560132512,2
Latvia,People & Blogs,8185,10969126621,25450410,245850569,3
Latvia,Music,5028,3514264035,13945492,107709635,4
Latvia,Comedy,3950,3708949694,13686161,98491549,5
Latvia,Sports,2950,4103311338,23182550,119504065,6
Latvia,Film & Animation,1978,906946237,9546802,27049337,7
Latvia,News & Politics,1489,311073321,3020129,7130651,8
Latvia,Science & Technology,1020,1232813701,20546895,49207536,9
Latvia,Autos & Vehicles,895,200416121,4175336,5415935,10
Lebanon,Gaming,25034,4814912090,1017522,152299566,1
Lebanon,Music,11071,5496000150,9114428,143426134,2
Lebanon,Entertainment,9732,3266229113,5293726,100547776,3
Lebanon,People & Blogs,6900,1201510287,940885,32504915,4
Lebanon,Sports,3134,1100297861,3679926,31010231,5
Lebanon,Comedy,1027,109457785,2432395,5170802,6
Lebanon,News & Politics,647,94373494,1715882,1321427,7
Lebanon,Film & Animation,516,300206341,11546398,13652115,8
Lebanon,Education,480,79735170,3189407,3533315,9
Lebanon,Howto & Style,454,166060979,6919207,5840058,10
Libya,Gaming,44889,5311175028,414418,199806386,1
Libya,Music,27981,6537147755,3473511,171853448,2
Libya,Entertainment,16366,3438469487,2764043,108819611,3
Libya,People & Blogs,14127,1519521901,598944,41921047,4
Libya,Sports,4725,1164450832,2305843,32471692,5
Libya,Film & Animation,1893,356935776,2087344,17027259,6
Libya,Comedy,1625,142558624,1638605,6311232,7
Libya,News & Politics,991,107722939,1238195,1573989,8
Libya,Howto & Style,871,211872618,879139,9065060,9
Libya,Education,679,87647940,1947732,4037327,10
Liechtenstein,Gaming,34565,6687009285,891482,221482401,1
Liechtenstein,Music,24767,8942585793,6744032,219325970,2
Liechtenstein,Entertainment,18510,16026861364,8805968,511766256,3
Liechtenstein,People & Blogs,6576,10403302573,19123718,255186308,4
Liechtenstein,Sports,5313,5352414562,12082200,171651096,5
Liechtenstein,Comedy,3101,3482925578,17861157,112890414,6
Liechtenstein,Film & Animation,2470,1137316447,5773180,34606970,7
Liechtenstein,Autos & Vehicles,1119,213036273,2420867,7161750,8
Liechtenstein,Science & Technology,1007,1358062207,13580622,56955017,9
Liechtenstein,Howto & Style,932,2269337903,40523891,41898224,10
Lithuania,Gaming,31055,7303108932,1410956,239469616,1
Lithuania,Entertainment,13287,22109055378,24869579,650591078,2
Lithuania,Music,13112,4660189422,6445629,132031513,3
Lithuania,People & Blogs,9488,15933405461,28760660,344962558,4
Lithuania,Comedy,3868,5291381131,21597474,138185765,5
Lithuania,Sports,2776,4104236206,22801312,124546332,6
Lithuania,Film & Animation,1643,1056380306,12882687,35060544,7
Lithuania,News & Politics,1258,239891851,2180835,4937844,8
Lithuania,Howto & Style,1161,4145944426,55279259,67706739,9
Lithuania,Science & Technology,1118,1350922838,16678060,53433433,10
Luxembourg,Entertainment,15602,19197275913,27943633,614459190,1
Luxembourg,Sports,5960,6026868054,13886793,171179082,2
Luxembourg,Gaming,4984,2903906130,8044061,90436173,3
Luxembourg,People & Blogs,4951,9792296639,47078349,223485078,4
Luxembourg,Comedy,4238,3400277369,20483599,98068943,5
Luxembourg,Music,2916,2931261455,26407761,86638898,6
Luxembourg,News & Politics,1521,379033574,3542370,6219303,7
Luxembourg,Autos & Vehicles,1240,115060218,2130745,5857362,8
Luxembourg,Science & Technology,930,1210493631,26899858,46530068,9
Luxembourg,Film & Animation,889,888373604,24010097,32865189,10
Malaysia,Gaming,32167,9863777647,1015210,251452383,1
Malaysia,Music,29757,10706154381,3156296,265712341,2
Malaysia,People & Blogs,10310,17848495328,15255124,365002885,3
Malaysia,Entertainment,10177,22864013573,22284614,636955425,4
Malaysia,Film & Animation,3269,2527538638,5106139,66780890,5
Malaysia,Sports,1770,3163324566,15896103,91161095,6
Malaysia,Comedy,1619,3988692586,34988531,94935038,7
Malaysia,Howto & Style,643,3656015768,48105471,62665180,8
Malaysia,Pets & Animals,373,1043244686,43468529,18595845,9
Malaysia,Science & Technology,295,864501653,29810402,26206362,10
Malta,Entertainment,11115,16028267929,35539397,508796561,1
Malta,People & Blogs,4855,7103987577,36618493,183553059,2
Malta,Sports,4240,4379251661,14358202,122950923,3
Malta,Gaming,3779,2523432197,7088293,76966584,4
Malta,Music,2908,3540291928,30258905,104985432,5
Malta,Comedy,2365,2818391948,32027181,91901365,6
Malta,Film & Animation,2238,1203204334,15425697,44154959,7
Malta,Travel & Events,663,889703027,34219347,46446212,8
Malta,Science & Technology,599,1121451985,46727166,46643131,9
Malta,News & Politics,495,222451246,5055710,3250105,10
Mexico,Music,45533,10745494659,623072,373173791,1
Mexico,Gaming,35833,8920672971,328449,288489349,2
Mexico,People & Blogs,17522,2240075460,341996,55102620,3
Mexico,Entertainment,14944,5056799035,1430495,181075288,4
Mexico,Sports,5465,1253366720,1750512,28346922,5
Mexico,Film & Animation,2865,1022351942,914447,39742032,6
Mexico,News & Politics,1596,149741703,783988,1882193,7
Mexico,Comedy,1232,113767706,677189,6811045,8
Mexico,Howto & Style,964,108984804,1676689,4184590,9
Mexico,Travel & Events,358,21949524,627129,1220522,10
Moldova,Gaming,30394,5259789516,918580,175359001,1
Moldova,Music,18204,4648473908,4625347,100609345,2
Moldova,Entertainment,11812,20889744509,27450387,576865918,3
Moldova,People & Blogs,11178,16487885865,21496592,325568644,4
Moldova,Comedy,4268,4528912122,13399148,102359316,5
Moldova,Film & Animation,1875,857764880,8409460,23842799,6
Moldova,Sports,1779,2778676942,25968943,70090752,7
Moldova,Howto & Style,1213,4675432565,54365495,72248501,8
Moldova,News & Politics,1129,270899863,3429112,6057246,9
Moldova,Science & Technology,422,863487132,37542919,26002180,10
Montenegro,Entertainment,17870,23082244340,18858043,604199449,1
Montenegro,Music,10927,2931409144,5583636,63824613,2
Montenegro,People & Blogs,10222,17184178161,27627296,323207218,3
Montenegro,Gaming,9921,3027055390,1594866,88631274,4
Montenegro,Comedy,4014,5149592835,21913161,107240699,5
Montenegro,Sports,2782,4073942712,20679912,110919669,6
Montenegro,Howto & Style,1716,5650275563,44142778,85782674,7
Montenegro,News & Politics,1166,106205908,1031125,2129030,8
Montenegro,Film & Animation,598,596478093,18075094,16724722,9
Montenegro,Autos & Vehicles,229,83377701,5955550,1183431,10
Morocco,Gaming,51528,8801256436,323100,279518823,1
Morocco,Music,25257,6828549515,1889994,212593383,2
Morocco,People & Blogs,16471,1738691293,375203,55037821,3
Morocco,Entertainment,16328,4039617215,2068416,126229585,4
Morocco,Sports,6479,1404572781,1396196,35980053,5
Morocco,News & Politics,2087,206572383,926334,3190063,6
Morocco,Comedy,1950,164258664,693075,7792891,7
Morocco,Film & Animation,1524,523276998,2036097,22621925,8
Morocco,Howto & Style,1520,210819022,719519,9638817,9
Morocco,Education,1423,103140727,687605,4529380,10
Nepal,Gaming,33321,7830532777,854768,222571740,1
Nepal,Music,27434,9369752631,3327327,209714599,2
Nepal,Entertainment,14408,25321789436,16637181,628666553,3
Nepal,People & Blogs,10825,19912677014,17971730,434950779,4
Nepal,Film & Animation,3186,2241188765,6174074,41544287,5
Nepal,Comedy,2668,5507711715,32398304,135841442,6
Nepal,Science & Technology,1138,1730822923,25833178,45963356,7
Nepal,Sports,1098,2099762939,14581687,57065289,8
Nepal,Howto & Style,803,4183908378,63392551,72485676,9
Nepal,Education,487,555383113,12622343,18283907,10
Netherlands,Gaming,48467,10271725263,633549,365287708,1
Netherlands,Entertainment,14235,15781402842,6299961,510782803,2
Netherlands,Music,12454,7767874910,4748090,228266883,3
Netherlands,People & Blogs,6613,9502511516,11688206,241240449,4
Netherlands,Sports,3853,4693389641,12034332,152693599,5
Netherlands,Comedy,2715,3282064482,10006294,106837613,6
Netherlands,Film & Animation,2159,1796106547,4828243,53934508,7
Netherlands,News & Politics,1015,230337652,2093979,5685911,8
Netherlands,Science & Technology,884,1230358795,9250818,56335186,9
Netherlands,Howto & Style,594,1709741818,37994263,31006089,10
New Zealand,Gaming,43880,9457940967,1398070,293342567,1
New Zealand,Entertainment,15045,17048424127,12857032,542716318,2
New Zealand,Music,12967,9503957789,15328964,241500533,3
New Zealand,People & Blogs,6066,7653036041,19132590,223826562,4
New Zealand,Film & Animation,4386,2412995488,8617841,69012723,5
New Zealand,Sports,3810,3738360410,11294140,126701649,6
New Zealand,Comedy,2938,3373527036,15838155,121303717,7
New Zealand,Science & Technology,1195,1493288216,16592091,70516053,8
New Zealand,News & Politics,623,281217377,5207729,6847458,9
New Zealand,Education,522,244703685,8739417,9747965,10
Nicaragua,Gaming,37294,7193694960,812755,203820940,1
Nicaragua,Music,31390,11114158423,5965732,269723185,2
Nicaragua,People & Blogs,11137,1785120158,1593857,32037159,3
Nicaragua,Entertainment,11114,4630484969,5346980,151496042,4
Nicaragua,Sports,3191,896133523,2774407,22014379,5
Nicaragua,Film & Animation,1285,438555441,6644779,18282928,6
Nicaragua,News & Politics,694,82805570,1075397,886100,7
Nicaragua,Howto & Style,577,154458884,7355185,4265184,8
Nicaragua,Comedy,533,59782395,1299617,3603030,9
Nicaragua,Education,353,29952305,624006,721884,10
Nigeria,Music,30004,6464070125,3171771,170951871,1
Nigeria,Gaming,21870,3662054069,836276,95085110,2
Nigeria,Entertainment,15439,9080997229,6786993,250870695,3
Nigeria,People & Blogs,7209,7242744477,11738646,169272075,4
Nigeria,Film & Animation,6299,1766288174,3320091,58957461,5
Nigeria,Sports,5171,2386603289,3328596,59112053,6
Nigeria,Comedy,2530,1635239182,11764311,46329136,7
Nigeria,Howto & Style,1064,1768721225,34680808,32884261,8
Nigeria,News & Politics,833,138746875,1874958,4547001,9
Nigeria,Science & Technology,400,537943163,16810724,15061927,10
North Macedonia,Entertainment,19823,27885324018,22875573,710124932,1
North Macedonia,Music,15002,4653201009,7236705,88327030,2
North Macedonia,People & Blogs,12487,21958187405,33626627,415531578,3
North Macedonia,Gaming,10585,3903415996,1980424,107794287,4
North Macedonia,Comedy,5128,6110294476,22884998,128786254,5
North Macedonia,Sports,2499,4189977231,26352058,119695255,6
North Macedonia,Howto & Style,2086,6220168233,43804002,94393153,7
North Macedonia,Film & Animation,841,911259039,19809979,25313901,8
North Macedonia,News & Politics,603,16581088,255094,339818,9
North Macedonia,Travel & Events,442,728413301,38337542,25152701,10
Norway,Gaming,54263,9733343482,988458,328459027,1
Norway,Entertainment,13944,16229980024,11543371,541118587,2
Norway,Music,6258,5868807059,17784264,179786285,3
Norway,People & Blogs,6101,9386745441,22034614,254713376,4
Norway,Sports,4986,5192697785,10955059,170945967,5
Norway,Comedy,3398,3551308354,12162015,131203111,6
Norway,Film & Animation,2464,1423606418,8627918,50877144,7
Norway,Science & Technology,1366,1550102823,14762884,71184621,8
Norway,Education,764,340663491,6551221,13765869,9
Norway,Travel & Events,497,395364195,8236754,21766627,10
Oman,Gaming,30452,4511249616,810501,172444362,1
Oman,Entertainment,16831,5161785003,5229772,134920531,2
Oman,Music,9313,7577905393,17582147,187973155,3
Oman,People & Blogs,9155,1436120427,1540902,39062708,4
Oman,Sports,4313,1326643061,2896601,33777612,5
Oman,Film & Animation,3964,1311183085,7204303,31031155,6
Oman,Comedy,1114,117567665,1728936,5826115,7
Oman,News & Politics,848,115094776,1576641,1605246,8
Oman,Education,513,81394229,3014601,3695208,9
Oman,Howto & Style,437,164980370,7499108,5801825,10
Pakistan,Gaming,35350,7253022402,779476,193854523,1
Pakistan,Music,24009,9096725008,3436617,195275724,2
Pakistan,Entertainment,14864,23732181016,14649494,557382009,3
Pakistan,People & Blogs,11839,19034698668,14698609,417671544,4
Pakistan,Comedy,2599,4927424990,26634730,109520244,5
Pakistan,Film & Animation,1833,1723135336,5921427,39293169,6
Pakistan,Howto & Style,1185,5119441946,54462148,86625717,7
Pakistan,Science & Technology,1084,1446582775,22602856,38964558,8
Pakistan,Sports,947,1274696566,7325842,29524033,9
Pakistan,News & Politics,522,99527551,1809592,1883017,10
Panama,Music,29174,9984171080,7085998,274332194,1
Panama,Gaming,27597,6141595016,1159448,185849721,2
Panama,Entertainment,12105,4896990295,5340229,162397011,3
Panama,People & Blogs,7430,1491963951,3264691,31547862,4
Panama,Sports,3800,1115615259,2747821,26277793,5
Panama,Film & Animation,2154,764107983,6212260,26078373,6
Panama,Howto & Style,834,163479654,5449322,4680449,7
Panama,News & Politics,656,79967577,1052205,957640,8
Panama,Comedy,497,52569154,2021891,3668763,9
Panama,Travel & Events,197,9821925,1091325,493287,10
Papua New Guinea,Gaming,49281,13122741624,358506,463265142,1
Papua New Guinea,Music,19847,9391092900,1192066,420124569,2
Papua New Guinea,Entertainment,16004,8637746967,1404969,251801502,3
Papua New Guinea,Sports,10641,2871992178,1283859,59430364,4
Papua New Guinea,People & Blogs,7418,2264676942,868025,63645768,5
Papua New Guinea,Film & Animation,3647,2474304437,1773695,75438181,6
Papua New Guinea,News & Politics,3592,713478050,1127138,8668864,7
Papua New Guinea,Comedy,2024,434493398,875995,21945245,8
Papua New Guinea,Autos & Vehicles,1869,421404538,1386199,18246940,9
Papua New Guinea,Science & Technology,1563,768047396,2518188,17681214,10
Paraguay,Gaming,48621,8372938704,596788,247449802,1
Paraguay,Music,30277,10421335861,5049097,284369937,2
Paraguay,Entertainment,14607,5035737135,3700027,167780519,3
Paraguay,People & Blogs,12130,1936788173,1336638,38471965,4
Paraguay,Sports,4095,1178867891,2861330,27406345,5
Paraguay,Film & Animation,2178,771890249,4487734,28918582,6
Paraguay,Comedy,952,80944396,1051226,5056968,7
Paraguay,Howto & Style,824,156279723,4883741,4703641,8
Paraguay,News & Politics,536,69485083,1198019,760172,9
Paraguay,Education,319,32071171,534520,753588,10
Peru,Music,41214,11567917673,1063717,369159175,1
Peru,Gaming,40947,9311662283,311448,290601405,2
Peru,People & Blogs,16173,2414155618,497661,52997494,3
Peru,Entertainment,15440,5160901917,1552618,181574815,4
Peru,Sports,4899,1300129502,1926118,29400779,5
Peru,Film & Animation,3120,998136011,1023729,36971451,6
Peru,Comedy,1561,122061696,772542,6839985,7
Peru,News & Politics,1341,122517366,729270,1582249,8
Peru,Howto & Style,906,115728029,2314561,4256315,9
Peru,Education,356,30069753,268480,882587,10
Philippines,Gaming,32510,9497411626,927300,246650305,1
Philippines,Music,23200,6365423335,1428186,200020001,2
Philippines,People & Blogs,19931,18596488122,4825243,387207442,3
Philippines,Entertainment,11344,22743814168,12435109,634180341,4
Philippines,Film & Animation,2532,2500884408,6205669,83774788,5
Philippines,Comedy,2256,4749978319,23631733,106486547,6
Philippines,Sports,1082,2862767166,19607994,76765503,7
Philippines,Howto & Style,939,4020063259,39802607,65476672,8
Philippines,News & Politics,685,152478479,1657375,1222442,9
Philippines,Education,510,393245056,8548806,8895869,10
Poland,Gaming,35551,5172854074,322900,182290708,1
Poland,Music,32271,5481047769,897209,177544739,2
Poland,Entertainment,11620,12784841933,6669192,419501560,3
Poland,People & Blogs,7724,8979773090,6902208,206886095,4
Poland,Sports,2321,3438468477,10547449,107511511,5
Poland,Film & Animation,1258,915966627,3948132,32130911,6
Poland,Comedy,1209,2651230519,16674406,76715500,7
Poland,Howto & Style,1096,2013364375,16106915,35672132,8
Poland,News & Politics,1030,163461841,1297316,4048904,9
Poland,Education,738,220051674,2785464,5178642,10
Portugal,Gaming,30633,7572701689,928710,260803431,1
Portugal,Music,27305,8873760560,3752119,232025702,2
Portugal,Entertainment,14529,17311838328,9836272,536590176,3
Portugal,People & Blogs,10560,12796906943,10213014,270001662,4
Portugal,Sports,3593,4551943827,13194040,140845503,5
Portugal,Comedy,2303,3281484129,25242186,88014507,6
Portugal,Film & Animation,1630,1105578637,5943971,30367472,7
Portugal,Science & Technology,676,1117990176,15746341,43479237,8
Portugal,Howto & Style,473,3071761326,74921008,50884404,9
Portugal,Education,235,207951886,12232464,4770498,10
Puerto Rico,Music,23475,8582006650,7379197,243603038,1
Puerto Rico,Gaming,17106,5255386222,2017423,176155835,2
Puerto Rico,Entertainment,10252,5110351934,5998066,164319485,3
Puerto Rico,People & Blogs,3739,928072669,4483443,20533501,4
Puerto Rico,Film & Animation,2081,1008710528,8069684,32643782,5
Puerto Rico,Sports,1104,630525407,5343436,18454107,6
Puerto Rico,News & Politics,624,72212332,1128318,868886,7
Puerto Rico,Howto & Style,456,121390026,6743890,3699274,8
Puerto Rico,Comedy,420,57623016,2743953,3772229,9
Puerto Rico,Autos & Vehicles,227,46517526,5168614,2810120,10
Qatar,Entertainment,13391,5475256831,7001607,134483225,1
Qatar,Gaming,13185,4053936447,2239744,134875307,2
Qatar,Music,11455,9413630531,16810055,210207850,3
Qatar,People & Blogs,5907,1327861867,2905606,33955588,4
Qatar,Sports,4815,1401932436,2567642,35024624,5
Qatar,Film & Animation,4319,1556297317,7042069,35023421,6
Qatar,Comedy,1051,150702602,2790789,7384256,7
Qatar,News & Politics,784,122211093,1824046,1877540,8
Qatar,Education,463,81587369,3137976,3695737,9
Qatar,Howto & Style,385,162189024,9010501,5688073,10
Romania,Music,45861,6458148114,1577467,141039065,1
Romania,Gaming,28668,5832651350,628451,171227295,2
Romania,Entertainment,11573,20206142600,19062399,545757083,3
Romania,People & Blogs,10850,16629503691,13608432,332040289,4
Romania,Comedy,3128,5106619168,24789413,122650615,5
Romania,Howto & Style,1898,4537455036,32880109,72705015,6
Romania,Sports,1659,3372669969,20565061,97154054,7
Romania,Film & Animation,925,899843921,9182081,28572536,8
Romania,Education,466,389934071,13446002,6743654,9
Romania,News & Politics,357,53862472,2244270,1413205,10
Russia,Gaming,59588,7019615043,144710,314497747,1
Russia,People & Blogs,9663,7261057682,1477326,196355109,2
Russia,Entertainment,8061,10359014349,2615913,373535413,3
Russia,Music,7777,2933355122,647826,154845126,4
Russia,Comedy,3469,2431197231,1561463,93809158,5
Russia,News & Politics,2905,1051941327,764492,33068519,6
Russia,Film & Animation,2243,1086734726,807381,45835719,7
Russia,Sports,1647,2259972238,3183059,68552346,8
Russia,Autos & Vehicles,1536,334879989,549885,13051599,9
Russia,Science & Technology,1074,698397833,1231742,26713233,10
Saudi Arabia,Gaming,49091,9051455181,324728,303139548,1
Saudi Arabia,Entertainment,22065,6023375753,1641247,168412228,2
Saudi Arabia,Music,21306,10442143876,2027995,305203321,3
Saudi Arabia,People & Blogs,16862,1955888606,349765,58407593,4
Saudi Arabia,Sports,6529,1473587044,1707517,37147658,5
Saudi Arabia,Film & Animation,3136,1672654149,2180775,45055189,6
Saudi Arabia,Comedy,2308,212641794,1137122,10290358,7
Saudi Arabia,News & Politics,1515,148410819,1067704,2060427,8
Saudi Arabia,Education,957,100000269,1351355,4490054,9
Saudi Arabia,Howto & Style,715,166286450,1269362,7153753,10
Senegal,Music,15788,2727103026,2511145,74456408,1
Senegal,Gaming,12923,1563511269,603905,34316617,2
Senegal,People & Blogs,10259,17541169692,21496531,327804731,3
Senegal,Entertainment,9391,15515385221,18062148,375306487,4
Senegal,Sports,3315,2185069199,4387689,45381133,5
Senegal,Comedy,2561,4368167661,28181727,78949522,6
Senegal,Howto & Style,2542,6527008275,39798831,99527377,7
Senegal,Film & Animation,2498,1083432168,2928195,29482019,8
Senegal,News & Politics,2264,67466926,232645,1681276,9
Senegal,Education,301,260547880,12407042,4373847,10
Serbia,Gaming,32805,5767542454,802608,167201775,1
Serbia,Entertainment,19301,20775476534,12598834,558256694,2
Serbia,Music,18912,5628180281,4753531,139296170,3
Serbia,People & Blogs,10728,16237810244,16501840,321151866,4
Serbia,Comedy,3625,4772426097,19968310,109895959,5
Serbia,Sports,3032,3919361135,15867859,112437646,6
Serbia,Howto & Style,1878,5164518563,37974401,80914092,7
Serbia,Film & Animation,1418,896712874,10426894,27867291,8
Serbia,News & Politics,1116,152868388,1442155,3097057,9
Serbia,Education,468,334302869,7112827,6156093,10
Singapore,Gaming,34478,8247473823,1015449,235469619,1
Singapore,Music,20658,11888410933,9230133,323680975,2
Singapore,Entertainment,16551,15546470349,10254928,469031518,3
Singapore,People & Blogs,7841,9502160525,14573866,251141576,4
Singapore,Film & Animation,6415,2769062991,5108972,77297021,5
Singapore,Sports,3642,3493066649,7885026,109230905,6
Singapore,Comedy,2078,2555020433,17381091,108986225,7
Singapore,News & Politics,1661,420456559,2402609,12122124,8
Singapore,Science & Technology,985,1599716814,19044248,64278377,9
Singapore,Education,869,764084958,14416697,17694832,10
Slovakia,Gaming,35401,5691949059,849925,181472695,1
Slovakia,Music,18753,5738302936,5709754,154043009,2
Slovakia,Entertainment,17612,21244100008,13635494,603289816,3
Slovakia,People & Blogs,11555,17441234422,18774203,368317535,4
Slovakia,Comedy,3858,5484051366,25626408,136628980,5
Slovakia,Sports,3328,4625130725,17519435,135361698,6
Slovakia,Howto & Style,2030,5167891532,41015012,82218493,7
Slovakia,Film & Animation,1579,969549124,10893810,31768011,8
Slovakia,News & Politics,901,132242930,1202208,2922713,9
Slovakia,Science & Technology,725,1027147734,16838487,33662226,10
Slovenia,Entertainment,15885,24997480252,26396494,724951606,1
Slovenia,Music,11787,4520907969,8280051,119089157,2
Slovenia,People & Blogs,11041,18215633616,34829127,399131022,3
Slovenia,Gaming,10024,4143557632,2687132,122446730,4
Slovenia,Sports,5188,6080206459,17988777,182148696,5
Slovenia,Comedy,4542,5515956922,25419156,144873481,6
Slovenia,Howto & Style,1528,4675171738,52530020,74429028,7
Slovenia,Film & Animation,842,882827450,24522985,29506342,8
Slovenia,Science & Technology,822,1439879078,33485560,54866660,9
Slovenia,News & Politics,567,217365369,4101233,4532184,10
South Africa,Music,33405,4774048732,1489563,148693301,1
South Africa,Gaming,30321,7925043615,851789,225412332,2
South Africa,Entertainment,10624,20232487088,15444647,591336015,3
South Africa,People & Blogs,8520,14527974444,15180747,329187736,4
South Africa,Sports,3200,4199071300,11696577,129187934,5
South Africa,Comedy,2814,4863794928,27479067,131071839,6
South Africa,Film & Animation,2164,1805340881,6612970,59341397,7
South Africa,Howto & Style,969,4427708125,57502703,76181460,8
South Africa,Science & Technology,554,1281038474,27256138,52500240,9
South Africa,News & Politics,485,83190394,1599815,2840283,10
South Korea,Gaming,58061,4638956821,124847,75981312,1
South Korea,Entertainment,20364,3671700621,1396084,95003977,2
South Korea,Music,16655,5948437124,1363695,227025412,3
South Korea,People & Blogs,16566,1708365699,854610,34679796,4
South Korea,Comedy,4143,457493419,1129613,8296106,5
South Korea,Sports,2841,469813678,1072634,8262401,6
South Korea,Howto & Style,2638,101704925,535289,2295105,7
South Korea,Travel & Events,2341,118976388,708193,2328010,8
South Korea,Film & Animation,1891,453762470,1142979,14232998,9
South Korea,Pets & Animals,549,29427240,700649,791688,10
Spain,Gaming,36212,8959678588,371017,349301489,1
Spain,Music,28157,7884430879,888086,307018469,2
Spain,Entertainment,10979,13251548497,3421520,494107177,3
Spain,People & Blogs,8201,9161224554,3126698,230925154,4
Spain,Sports,6696,5077646893,2941858,147603620,5
Spain,Film & Animation,2449,1193586981,1287580,47340589,6
Spain,News & Politics,1312,309867019,944717,7676305,7
Spain,Comedy,1301,2180690965,6814659,72806144,8
Spain,Science & Technology,739,1158177031,6506613,52139180,9
Spain,Education,550,328386301,2648277,8647052,10
Sri Lanka,Music,28544,5882246055,1958138,146907227,1
Sri Lanka,Gaming,26482,2869631305,373213,70718611,2
Sri Lanka,Entertainment,16273,21114345161,13946067,544506288,3
Sri Lanka,People & Blogs,12862,16006409914,10970809,339123901,4
Sri Lanka,Comedy,2872,4040082273,22955013,93869761,5
Sri Lanka,Film & Animation,2564,1379361844,4105244,30525394,6
Sri Lanka,Sports,1545,2033647116,7791751,50318355,7
Sri Lanka,Howto & Style,1346,4896799189,50482466,80408697,8
Sri Lanka,Education,961,434661160,2716632,7369102,9
Sri Lanka,News & Politics,958,73433951,686299,965813,10
Sweden,Gaming,54848,10840747160,753248,346509842,1
Sweden,Entertainment,13076,17636436333,10212181,571280137,2
Sweden,People & Blogs,8113,10956291410,13476373,280533090,3
Sweden,Music,7203,6376350185,8856042,189073632,4
Sweden,Sports,3772,4801167663,11884078,159237787,5
Sweden,Comedy,3546,3978597544,13862709,129657511,6
Sweden,Film & Animation,2095,1598774745,6472772,53325088,7
Sweden,Science & Technology,1249,1469511514,10276304,69981694,8
Sweden,News & Politics,758,280559671,3740796,6697525,9
Sweden,Education,637,342736029,4896229,12608649,10
Switzerland,Gaming,34563,6686237625,891498,221467718,1
Switzerland,Music,24770,8942763952,6744166,219328142,2
Switzerland,Entertainment,18510,16026466240,8805751,511756157,3
Switzerland,People & Blogs,6577,10403057336,19123267,255181748,4
Switzerland,Sports,5313,5352201437,12081719,171647343,5
Switzerland,Comedy,3101,3483451452,17863854,112909818,6
Switzerland,Film & Animation,2471,1137276147,5772975,34606472,7
Switzerland,Autos & Vehicles,1120,213047891,2420999,7162090,8
Switzerland,Science & Technology,1007,1358042037,13580420,56954303,9
Switzerland,Howto & Style,932,2269296507,40523152,41897548,10
Taiwan,Gaming,42793,3637322416,186855,77935039,1
Taiwan,Music,21158,7132459524,1686559,242290098,2
Taiwan,People & Blogs,17789,5620780063,1613775,130262804,3
Taiwan,Entertainment,10440,6539132261,3602828,189057985,4
Taiwan,News & Politics,4487,367804775,435788,7748814,5
Taiwan,Film & Animation,3501,455844536,599007,12238469,6
Taiwan,Sports,1915,1453470294,4212957,39361041,7
Taiwan,Howto & Style,1130,1275130696,4705279,21931764,8
Taiwan,Pets & Animals,945,395137416,3528013,9301315,9
Taiwan,Education,736,413303463,4396845,6888065,10
Tanzania,Music,18972,2504901591,2166870,65491312,1
Tanzania,Entertainment,5188,5171650637,12552550,126853591,2
Tanzania,People & Blogs,4990,7289418640,20418540,141828595,3
Tanzania,Gaming,4967,776809240,737011,16770802,4
Tanzania,Sports,4765,2467849483,4857971,58844862,5
Tanzania,News & Politics,2678,78153503,312614,1384331,6
Tanzania,Film & Animation,2076,617497712,4379416,18286706,7
Tanzania,Comedy,1632,1499337196,17037923,33383930,8
Tanzania,Howto & Style,1113,2759752940,55195059,46461816,9
Tanzania,Education,367,432505875,21625294,6568825,10
Thailand,Gaming,45287,6174771419,217131,179764458,1
Thailand,Music,24081,5889682472,656598,239921704,2
Thailand,Entertainment,9868,15100054852,4796714,444986325,3
Thailand,People & Blogs,8655,11764785312,3598894,239887580,4
Thailand,Sports,3418,2841335782,2633305,71283843,5
Thailand,News & Politics,3028,841851027,852076,11936156,6
Thailand,Film & Animation,2484,1370993563,1440119,47479340,7
Thailand,Comedy,953,2422276988,10351611,50523999,8
Thailand,Howto & Style,868,2714143869,11956581,42530631,9
Thailand,Education,326,299466563,3940350,6240173,10
Tunisia,Gaming,37139,4973138266,555224,185263047,1
Tunisia,Music,32497,7975312300,4062818,195011213,2
Tunisia,Entertainment,12483,3458143501,4349866,107164557,3
Tunisia,People & Blogs,9606,1386695473,1119205,36729870,4
Tunisia,Sports,4573,1255622855,2462006,33502538,5
Tunisia,Comedy,1326,125218289,1926435,5579583,6
Tunisia,News & Politics,1154,140723052,1497054,2193703,7
Tunisia,Film & Animation,1086,394445061,7043662,18085843,8
Tunisia,Howto & Style,1062,218290448,859411,9371123,9
Tunisia,Education,708,84495609,1242582,3803111,10
Turkey,Gaming,36780,5089252101,236775,186888472,1
Turkey,Music,29294,4889153010,607122,160675314,2
Turkey,Entertainment,12668,16235878015,6138328,460676807,3
Turkey,People & Blogs,6273,11332290232,5632351,249903278,4
Turkey,Sports,3985,3442682509,4741987,95186991,5
Turkey,Film & Animation,2070,988873635,2140419,28393071,6
Turkey,News & Politics,1193,195513071,1013021,4496618,7
Turkey,Comedy,1025,2295034389,12893452,46539854,8
Turkey,Howto & Style,903,4035659964,25869615,61371231,9
Turkey,Science & Technology,567,940616365,8474021,35964537,10
Uganda,Music,20014,4226637578,3714093,107542116,1
Uganda,Gaming,11405,1887182837,943120,43610628,2
Uganda,People & Blogs,5636,9355019355,25215686,191981088,3
Uganda,Entertainment,5553,9712903690,25228321,242946346,4
Uganda,Sports,4223,1980347644,3568194,44313835,5
Uganda,Comedy,1436,2212565703,36271569,51516537,6
Uganda,Film & Animation,1309,998312468,14261607,31791282,7
Uganda,News & Politics,1119,126137354,1371058,3761263,8
Uganda,Howto & Style,1027,3491420506,74285543,58277370,9
Uganda,Education,260,228237735,14264858,3438517,10
Ukraine,Music,33969,3622603723,573832,103214251,1
Ukraine,Gaming,32360,5188133799,434408,192710311,2
Ukraine,People & Blogs,6870,7610245178,6549264,165725683,3
Ukraine,Entertainment,6645,10047855180,9364264,324395180,4
Ukraine,News & Politics,4198,496960596,1109287,17806951,5
Ukraine,Comedy,3013,1747565395,3610672,52597967,6
Ukraine,Film & Animation,1894,736174811,1995054,24950335,7
Ukraine,Sports,1445,2145739276,10570144,57380704,8
Ukraine,Education,437,269637615,5502808,4969086,9
Ukraine,Howto & Style,402,1622589016,38633072,25815428,10
United Arab Emirates,Gaming,35683,9685888995,658859,301254944,1
United Arab Emirates,Music,27435,14428061261,4707361,359698636,2
United Arab Emirates,Entertainment,23452,7553644956,2513692,176060509,3
United Arab Emirates,People & Blogs,10059,1841375020,1280511,47736548,4
United Arab Emirates,Sports,6551,1594637506,1545191,38127202,5
United Arab Emirates,Film & Animation,5448,2292381824,3814279,50460798,6
United Arab Emirates,Comedy,1676,183590827,1596442,9065519,7
United Arab Emirates,News & Politics,1249,168353569,1211177,2499219,8
United Arab Emirates,Education,679,93526705,1798590,4177156,9
United Arab Emirates,Howto & Style,480,177146123,6560968,6133724,10
United Kingdom,Gaming,57326,12907032345,292464,464834063,1
United Kingdom,Music,17711,9799075941,1213658,415019350,2
United Kingdom,Entertainment,17163,8491361365,1252228,249564406,3
United Kingdom,Sports,11902,2819748439,1137913,57280386,4
United Kingdom,People & Blogs,7884,2312201346,794844,64098720,5
United Kingdom,Film & Animation,4144,2700512386,1565514,80248244,6
United Kingdom,News & Politics,2613,627966330,1423960,7836039,7
United Kingdom,Autos & Vehicles,2150,393960613,1283259,18345251,8
United Kingdom,Comedy,2071,423121758,849642,21408324,9
United Kingdom,Science & Technology,1622,760617442,2191981,17302892,10
United States,Gaming,49334,13126055857,358577,463304645,1
United States,Music,19791,9371840522,1193865,419755330,2
United States,Entertainment,16005,8635441522,1405279,251750147,3
United States,Sports,10640,2871831427,1283787,59428287,4
United States,People & Blogs,7414,2262778127,867630,63620781,5
United States,Film & Animation,3648,2470985985,1771316,75293274,6
United States,News & Politics,3589,713470099,1127125,8668682,7
United States,Comedy,2024,434448931,875905,21943200,8
United States,Autos & Vehicles,1870,421433495,1386294,18247299,9
United States,Science & Technology,1563,767995735,2518019,17677258,10
Uruguay,Music,45971,10761254182,4664610,277168826,1
Uruguay,Gaming,34756,6610132924,872625,202837995,2
Uruguay,Entertainment,14991,4924982432,4339192,162756486,3
Uruguay,People & Blogs,10680,1572288933,2239728,34193802,4
Uruguay,Sports,3896,1090488223,2781858,25862152,5
Uruguay,Film & Animation,1966,655554411,6303408,25818668,6
Uruguay,Comedy,1036,65924703,998859,4407078,7
Uruguay,Howto & Style,834,162179418,5068107,4722160,8
Uruguay,News & Politics,643,71384384,1065439,844377,9
Uruguay,Science & Technology,315,126860996,7047833,3088306,10
Venezuela,Gaming,49673,9655563632,278652,315557940,1
Venezuela,Music,33294,10716205069,1774206,340307528,2
Venezuela,Entertainment,15638,4993797103,1526222,172017660,3
Venezuela,People & Blogs,14653,2288334505,487918,50819473,4
Venezuela,Sports,3634,1231721707,2396346,28145453,5
Venezuela,Film & Animation,2650,929929820,1471408,35381747,6
Venezuela,News & Politics,1166,120482653,830915,1462979,7
Venezuela,Howto & Style,953,124447627,2304586,4348180,8
Venezuela,Comedy,894,96993946,707985,5507715,9
Venezuela,Pets & Animals,317,37324286,2488286,716006,10
Vietnam,Gaming,32075,5033457294,592450,92456526,1
Vietnam,Music,29307,5457963111,1107092,136422534,2
Vietnam,People & Blogs,14759,12739969493,4755494,244582637,3
Vietnam,Entertainment,10095,12623189524,11141385,323481215,4
Vietnam,Sports,1153,1409557023,13051454,28324033,5
Vietnam,Film & Animation,849,631209631,4675627,16072786,6
Vietnam,Comedy,624,1593503568,39837589,25822273,7
Vietnam,Howto & Style,498,2642202616,61446572,38341499,8
Vietnam,News & Politics,453,89305287,3079493,1677292,9
Vietnam,Science & Technology,387,874567105,30157486,28564554,10
Yemen,Gaming,26780,3866669165,771636,122138384,1
Yemen,Music,21142,5657078208,4311797,142868218,2
Yemen,Entertainment,13570,3201009717,3743871,100177422,3
Yemen,People & Blogs,9925,1228041333,1037197,35237105,4
Yemen,Sports,3934,1055672268,2600178,29665880,5
Yemen,Film & Animation,1768,258368935,1575420,8995527,6
Yemen,Comedy,1278,122456810,2148365,5543110,7
Yemen,News & Politics,1089,114917882,1209662,1640063,8
Yemen,Howto & Style,841,143828645,596799,6728410,9
Yemen,Education,591,85790391,2523247,3999580,10
Zimbabwe,Music,22091,2909077078,2251608,81688318,1
Zimbabwe,Gaming,7316,1893787677,1656857,52539333,2
Zimbabwe,Entertainment,6109,11519169106,29612260,360175094,3
Zimbabwe,Sports,5398,3242951591,5729596,84784163,4
Zimbabwe,People & Blogs,4945,6891234110,24878101,164672486,5
Zimbabwe,Comedy,1592,2082491833,27045348,54578142,6
Zimbabwe,Film & Animation,1319,875790357,16842122,30667708,7
Zimbabwe,News & Politics,971,182111446,2248289,4349389,8
Zimbabwe,Howto & Style,603,2477418660,82580622,42593218,9
Zimbabwe,Travel & Events,441,617687239,44120517,31421814,10
